study_id,year,author,condition,population_type,population_age,study_design,application,wavelength_nm,session_duration_min,session_count,blinding,control_type,outcome_cat,outcome_direction,sample,source,publisher
S020,2001,Eagles et al.,Seasonal Affective Disorder,clinical,adult,Rct,peripheral,750,60,28,not reported,placebo-controlled,Depression,inconclusive,57,Light therapy for seasonal affective disorder in primary care | The British Journal of Psychiatry | Cambridge Core,Cambridge University Press
S064,2004,Zalewska-Kaszubska & Obzejta,Alcohol Use Disorder,clinical,adult,Controlled Trial,peripheral,514,5,80,no blinding,no control group,Depression,positive,15,Use of low-energy laser as adjunct treatment of alcohol addiction | Lasers in Medical Science,Springer
S064,2004,Zalewska-Kaszubska & Obzejta,Alcohol Use Disorder,clinical,adult,Controlled Trial,peripheral,514,5,80,no blinding,no control group,Mood,positive,15,Use of low-energy laser as adjunct treatment of alcohol addiction | Lasers in Medical Science,Springer
S018,2006,Glickman et al.,Seasonal Affective Disorder,clinical,adult,Rct,peripheral,468,45,21,single-blind,placebo-controlled,Depression,positive,24,Original article Light Therapy for Seasonal Affective Disorder with Blue Narrow-Band Light-Emitting Diodes (LEDs),ScienceDirect
S001,2009,Schiffer et al.,Major Depressive Disorder,clinical,adult,Open-Label Pilot,transcranial,810,8,1,double-blind,placebo-controlled,Anxiety,positive,10,Psychological benefits 2 and 4 weeks after a single treatment with near infrared light to the forehead: a pilot study of 10 patients with major depression and anxiety,PubMed
S001,2009,Schiffer et al.,Major Depressive Disorder,clinical,adult,Open-Label Pilot,transcranial,810,8,1,double-blind,placebo-controlled,Mood,positive,10,Psychological benefits 2 and 4 weeks after a single treatment with near infrared light to the forehead: a pilot study of 10 patients with major depression and anxiety,PubMed
S021,2011,Naeser et al.,Brain Injury,clinical,adult,Clinical Study,transcranial,870,10,116,no blinding,no control group,Cognitive Function,positive,2,"Improved Cognitive Function After Transcranial, Light-Emitting Diode Treatments in Chronic, Traumatic Brain Injury: Two Case Reports",Mary Ann Liebert
S017,2013,Barrett et al.,Healthy,healthy,adult,Controlled Trial,transcranial,1064,8,1,single-blind,placebo-controlled,Cognitive Function,positive,20,Transcranial infrared laser stimulation produces beneficial cognitive and emotional effects in humans - Neuroscience,Elsevier
S017,2013,Barrett et al.,Healthy,healthy,adult,Controlled Trial,transcranial,1064,8,1,single-blind,placebo-controlled,Mood,positive,20,Transcranial infrared laser stimulation produces beneficial cognitive and emotional effects in humans - Neuroscience,Elsevier
S068,2014,Gonzalez-Lima & Barrett,Healthy,healthy,adult,Controlled Trial,transcranial,1064,4,1,double-blind,placebo-controlled,Cognitive Function,positive,20,Augmentation of cognitive brain functions with transcranial lasers - PMC,PubMed
S068,2014,Gonzalez-Lima & Barrett,Healthy,healthy,adult,Controlled Trial,transcranial,1064,4,1,double-blind,placebo-controlled,Mood,positive,20,Augmentation of cognitive brain functions with transcranial lasers - PMC,PubMed
S055,2014,Naeser et al.,Brain Injury,clinical,adult,Open-Label Pilot,transcranial,870,20,18,no blinding,open-label,Cognitive Function,positive,11,"Significant improvements in cognitive performance post-transcranial, red/near-infrared light-emitting diode treatments in chronic, mild traumatic brain injury: open-protocol study",Pubmed
S002,2015,Cassano et al.,Major Depressive Disorder,clinical,adult,Rct,transcranial,823,8,6,double-blind,sham-controlled,Mood,positive,4,Near-Infrared Transcranial Radiation for Major Depressive Disorder: Proof of Concept Study,PubMed
S053,2016,Disner et al.,Major Depressive Disorder,clinical,adult,Controlled Trial,transcranial,1064,8,2,single-blind,placebo-controlled,Attention,positive,52,Transcranial Laser Stimulation as Neuroenhancement for Attention Bias Modification in Adults with Elevated Depression Symptoms,Pubmed
S053,2016,Disner et al.,Major Depressive Disorder,clinical,adult,Controlled Trial,transcranial,1064,8,2,single-blind,placebo-controlled,Mood,positive,52,Transcranial Laser Stimulation as Neuroenhancement for Attention Bias Modification in Adults with Elevated Depression Symptoms,Pubmed
S051,2016,Hwang et al.,Healthy,healthy,adult,Rct,transcranial,1064,8,1,single-blind,placebo-controlled,Attention,positive,30,Cognitive enhancement by transcranial laser stimulation and acute aerobic exercise | Lasers in Medical Science | Springer Nature Link,Springer
S051,2016,Hwang et al.,Healthy,healthy,adult,Rct,transcranial,1064,8,1,single-blind,placebo-controlled,Cognitive Function,positive,30,Cognitive enhancement by transcranial laser stimulation and acute aerobic exercise | Lasers in Medical Science | Springer Nature Link,Springer
S058,2017,Berman et al.,Alzheimer's,clinical,geriatric,Pilot Rct,transcranial,1080,6,28,double-blind,sham-controlled,Cognitive Function,mixed,11,"Photobiomodulation with Near Infrared Light Helmet in a Pilot, Placebo Controlled Clinical Trial in Dementia Patients Testing Memory and Cognition",Pubmed
S058,2017,Berman et al.,Alzheimer's,clinical,geriatric,Pilot Rct,transcranial,1080,6,28,double-blind,sham-controlled,Memory,mixed,11,"Photobiomodulation with Near Infrared Light Helmet in a Pilot, Placebo Controlled Clinical Trial in Dementia Patients Testing Memory and Cognition",Pubmed
S058,2017,Berman et al.,Dementia,clinical,geriatric,Pilot Rct,transcranial,1080,6,28,double-blind,sham-controlled,Cognitive Function,mixed,11,"Photobiomodulation with Near Infrared Light Helmet in a Pilot, Placebo Controlled Clinical Trial in Dementia Patients Testing Memory and Cognition",Pubmed
S058,2017,Berman et al.,Dementia,clinical,geriatric,Pilot Rct,transcranial,1080,6,28,double-blind,sham-controlled,Memory,mixed,11,"Photobiomodulation with Near Infrared Light Helmet in a Pilot, Placebo Controlled Clinical Trial in Dementia Patients Testing Memory and Cognition",Pubmed
S050,2017,Blanco et al.,Healthy,healthy,adult,Rct,transcranial,1064,8,1,single-blind,sham-controlled,Cognitive Function,positive,21,"Transcranial infrared laser stimulation improves rule-based, but not information-integration, category learning in humans",Elsevier
S056,2017,Saltmarche et al.,Alzheimer's,clinical,geriatric,Case Series,transcranial,810,25,90,no blinding,open-label,Cognitive Function,positive,5,Significant Improvement in Cognition in Mild to Moderately Severe Dementia Cases Treated with Transcranial Plus Intranasal Photobiomodulation: Case Series Report,Pubmed
S056,2017,Saltmarche et al.,Alzheimer's,clinical,geriatric,Case Series,transcranial,810,25,90,no blinding,open-label,Memory,positive,5,Significant Improvement in Cognition in Mild to Moderately Severe Dementia Cases Treated with Transcranial Plus Intranasal Photobiomodulation: Case Series Report,Pubmed
S056,2017,Saltmarche et al.,Dementia,clinical,geriatric,Case Series,transcranial,810,25,90,no blinding,open-label,Cognitive Function,positive,5,Significant Improvement in Cognition in Mild to Moderately Severe Dementia Cases Treated with Transcranial Plus Intranasal Photobiomodulation: Case Series Report,Pubmed
S056,2017,Saltmarche et al.,Dementia,clinical,geriatric,Case Series,transcranial,810,25,90,no blinding,open-label,Memory,positive,5,Significant Improvement in Cognition in Mild to Moderately Severe Dementia Cases Treated with Transcranial Plus Intranasal Photobiomodulation: Case Series Report,Pubmed
S061,2017,Silva et al.,Fibromyalgia,clinical,adult,Rct,peripheral,905,55,20,double-blind,sham-controlled,Anxiety,positive,160,"Randomized, blinded, controlled trial on effectiveness of photobiomodulation therapy and exercise training in the fibromyalgia treatment",PubMed
S061,2017,Silva et al.,Fibromyalgia,clinical,adult,Rct,peripheral,905,55,20,double-blind,sham-controlled,Mood,positive,160,"Randomized, blinded, controlled trial on effectiveness of photobiomodulation therapy and exercise training in the fibromyalgia treatment",PubMed
S061,2017,Silva et al.,Fibromyalgia,clinical,adult,Rct,peripheral,905,55,20,double-blind,sham-controlled,Pain,positive,160,"Randomized, blinded, controlled trial on effectiveness of photobiomodulation therapy and exercise training in the fibromyalgia treatment",PubMed
S019,2017,Videnovic et al.,Parkinson's,clinical,adult,Rct,peripheral,NA,60,28,single-blind,placebo-controlled,Sleep,positive,31,Timed Light Therapy for Sleep and Daytime Sleepiness Associated With Parkinson Disease: A Randomized Clinical Trial | Sleep Medicine | JAMA Neurology,JAMA Neurology
S019,2017,Videnovic et al.,Sleepiness,clinical,adult,Rct,peripheral,NA,60,28,single-blind,placebo-controlled,Sleep,positive,31,Timed Light Therapy for Sleep and Daytime Sleepiness Associated With Parkinson Disease: A Randomized Clinical Trial | Sleep Medicine | JAMA Neurology,JAMA Neurology
S024,2018,Cassano et al.,Major Depressive Disorder,clinical,adult,Rct,transcranial,823,30,16,double-blind,sham-controlled,Depression,positive,20,Transcranial Photobiomodulation for the Treatment of Major Depressive Disorder. The ELATED-2 Pilot Trial - PMC,PubMed
S003,2018,Cassano et al.,Major Depressive Disorder,clinical,adult,Clinical Study,transcranial,823,30,16,double-blind,sham-controlled,Mood,positive,21,Transcranial Photobiomodulation for the Treatment of Major Depressive Disorder. The ELATED-2 Pilot Trial,PubMed
S036,2018,Chan et al.,Natural Aging,aging,geriatric,Rct,transcranial,870,7.5,1,single-blind,sham-controlled,Cognitive Function,positive,31,Photobiomodulation Improves the Frontal Cognitive Function of Older Adults - PMC,PubMed
S063,2018,Gabel et al.,Major Depressive Disorder,clinical,adult,Case Control,peripheral,660,6,3,no blinding,case-control,Mood,positive,21,A case control series for the effect of photobiomodulation in patients with low back pain and concurrent depression - PMC,PubMed
S063,2018,Gabel et al.,Major Depressive Disorder,clinical,adult,Case Control,peripheral,660,6,3,no blinding,case-control,Pain,positive,21,A case control series for the effect of photobiomodulation in patients with low back pain and concurrent depression - PMC,PubMed
S065,2019,Cassano et al.,Major Depressive Disorder,clinical,adult,Pilot Study,transcranial,823,30,16,double-blind,sham-controlled,Mood,mixed,10,Effects of transcranial photobiomodulation with near-infrared light on sexual dysfunction,Pubmed
S072,2019,Cassano et al.,Major Depressive Disorder,clinical,adult,Rct,transcranial,808,NA,4,double-blind,sham-controlled,Safety,positive,31,Dose-dependent tolerability and safety of transcranial photobiomodulation: a randomized controlled trial,PubMed
S065,2019,Cassano et al.,Major Depressive Disorder,clinical,adult,Pilot Study,transcranial,823,30,16,double-blind,sham-controlled,Sexual Function,mixed,10,Effects of transcranial photobiomodulation with near-infrared light on sexual dysfunction,Pubmed
S072,2019,Cassano et al.,Major Depressive Disorder,clinical,adult,Rct,transcranial,808,NA,4,double-blind,sham-controlled,Tolerability,positive,31,Dose-dependent tolerability and safety of transcranial photobiomodulation: a randomized controlled trial,PubMed
S065,2019,Cassano et al.,Sexual Dysfunction,clinical,adult,Pilot Study,transcranial,823,30,16,double-blind,sham-controlled,Mood,mixed,10,Effects of transcranial photobiomodulation with near-infrared light on sexual dysfunction,Pubmed
S065,2019,Cassano et al.,Sexual Dysfunction,clinical,adult,Pilot Study,transcranial,823,30,16,double-blind,sham-controlled,Sexual Function,mixed,10,Effects of transcranial photobiomodulation with near-infrared light on sexual dysfunction,Pubmed
S070,2019,Hipskind et al.,Brain Injury,clinical,adult,Open-Label Pilot,transcranial,NA,20,18,no blinding,no control group,Cognitive Function,positive,12,Pulsed Transcranial Red/Near-Infrared Light Therapy Using Light-Emitting Diodes Improves Cerebral Blood Flow and Cognitive Function in Veterans with Chronic Traumatic Brain Injury: A Case Series,PubMed
S070,2019,Hipskind et al.,Brain Injury,clinical,adult,Open-Label Pilot,transcranial,NA,20,18,no blinding,no control group,PTSD Symptoms,positive,12,Pulsed Transcranial Red/Near-Infrared Light Therapy Using Light-Emitting Diodes Improves Cerebral Blood Flow and Cognitive Function in Veterans with Chronic Traumatic Brain Injury: A Case Series,PubMed
S070,2019,Hipskind et al.,Brain Injury,clinical,adult,Open-Label Pilot,transcranial,NA,20,18,no blinding,no control group,Sleep,positive,12,Pulsed Transcranial Red/Near-Infrared Light Therapy Using Light-Emitting Diodes Improves Cerebral Blood Flow and Cognitive Function in Veterans with Chronic Traumatic Brain Injury: A Case Series,PubMed
S052,2019,Holmes et al.,Healthy,healthy,adult,Controlled Trial,transcranial,1064,8,1,single-blind,sham-controlled,Cognitive Function,positive,36,Cognitive Enhancement by Transcranial Photobiomodulation Is Associated With Cerebrovascular Oxygenation of the Prefrontal Cortex,Frontiers
S052,2019,Holmes et al.,Healthy,healthy,adult,Controlled Trial,transcranial,1064,8,1,single-blind,sham-controlled,Mood,positive,36,Cognitive Enhancement by Transcranial Photobiomodulation Is Associated With Cerebrovascular Oxygenation of the Prefrontal Cortex,Frontiers
S043,2019,Jahan et al.,Healthy,healthy,adult,Rct,transcranial,850,2.5,1,double-blind,sham-controlled,Attention,positive,30,Transcranial near-infrared photobiomodulation could modulate brain electrophysiological features and attentional performance in healthy young adults,PubMed
S088,2019,Jahan et al.,Healthy,healthy,adult,Rct,transcranial,850,2.5,1,single-blind,sham-controlled,Attention,positive,36,Transcranial near-infrared photobiomodulation could modulate brain electrophysiological features and attentional performance in healthy young adults,Pubmed
S088,2019,Jahan et al.,Healthy,healthy,adult,Rct,transcranial,850,2.5,1,single-blind,sham-controlled,Brain Oscillations,positive,36,Transcranial near-infrared photobiomodulation could modulate brain electrophysiological features and attentional performance in healthy young adults,Pubmed
S004,2019,Maiello et al.,Anxiety Disorder,clinical,adult,Open-Label Pilot,transcranial,830,20,56,no blinding,open-label,Anxiety,positive,15,Transcranial Photobiomodulation with Near-Infrared Light for Generalized Anxiety Disorder: A Pilot Study,PubMed
S080,2019,Moghadam et al.,Healthy,healthy,adult,Rct,transcranial,850,3,1,single-blind,sham-controlled,Attention,positive,30,Beneficial Effects of Transcranial Light Emitting Diode (LED) Therapy on Attentional Performance: An Experimental Design,PubMed
S080,2019,Moghadam et al.,Healthy,healthy,adult,Rct,transcranial,850,3,1,single-blind,sham-controlled,Brain Oscillations,positive,30,Beneficial Effects of Transcranial Light Emitting Diode (LED) Therapy on Attentional Performance: An Experimental Design,PubMed
S077,2019,Salehpour et al.,Healthy,healthy,adult,Controlled Trial,transcranial,810,NA,1,not reported,NA,Cognitive Function,positive,50,Transcranial Photobiomodulation Improves Cognitive Performance in Young Healthy Adults: A Systematic Review and Meta-Analysis - PMC,PubMed
S097,2019,Tian et al.,Healthy,healthy,adult,Controlled Trial,transcranial,1064,10,1,no blinding,no control group,Brain Hemodynamics,positive,15,https://pubmed.ncbi.nlm.nih.gov/26817446/,PubMed
S067,2019,Vargas et al.,Natural Aging,aging,geriatric,Controlled Trial,transcranial,1064,8,5,no blinding,no control group,Attention,positive,36,Beneficial neurocognitive effects of transcranial laser in older adults | Lasers in Medical Science,Springer
S067,2019,Vargas et al.,Natural Aging,aging,geriatric,Controlled Trial,transcranial,1064,8,5,no blinding,no control group,Cognitive Function,positive,36,Beneficial neurocognitive effects of transcranial laser in older adults | Lasers in Medical Science,Springer
S067,2019,Vargas et al.,Natural Aging,aging,geriatric,Controlled Trial,transcranial,1064,8,5,no blinding,no control group,Memory,positive,36,Beneficial neurocognitive effects of transcranial laser in older adults | Lasers in Medical Science,Springer
S074,2020,Alipour et al.,Major Depressive Disorder,clinical,adult,Controlled Trial,transcranial,810,4,10,no blinding,no control group,Brain Oscillations,positive,22,Evaluating the effect of transcranial light therapy on depression symptoms and quantitative electroencephalographic changes,ResearchGate
S074,2020,Alipour et al.,Major Depressive Disorder,clinical,adult,Controlled Trial,transcranial,810,4,10,no blinding,no control group,Depression,positive,22,Evaluating the effect of transcranial light therapy on depression symptoms and quantitative electroencephalographic changes,ResearchGate
S091,2020,Chao et al.,Brain Injury,clinical,adult,Open-Label Pilot,transcranial,1071,20,35,no blinding,open-label,Cognitive Function,positive,23,Changes in Brain Function and Structure After Self-Administered Home Photobiomodulation Treatment in a Concussion Case - PMC,PubMed
S091,2020,Chao et al.,Brain Injury,clinical,adult,Open-Label Pilot,transcranial,1071,20,35,no blinding,open-label,Memory,positive,23,Changes in Brain Function and Structure After Self-Administered Home Photobiomodulation Treatment in a Concussion Case - PMC,PubMed
S013,2020,Figueiro Longo et al.,Brain Injury,clinical,adult,Rct,transcranial,NA,20,3,double-blind,placebo-controlled,Cognitive Function,inconclusive,68,Effect of Transcranial Low-Level Light Therapy vs Sham Therapy Among Patients With Moderate Traumatic Brain Injury: A Randomized Clinical Trial,PubMed
S013,2020,Figueiro Longo et al.,Brain Injury,clinical,adult,Rct,transcranial,NA,20,3,double-blind,placebo-controlled,Mood,inconclusive,68,Effect of Transcranial Low-Level Light Therapy vs Sham Therapy Among Patients With Moderate Traumatic Brain Injury: A Randomized Clinical Trial,PubMed
S073,2020,Kerppers et al.,Anxiety Disorder,clinical,adult,Controlled Trial,transcranial,945,2,30,single-blind,sham-controlled,Anxiety,positive,20,Study of transcranial photobiomodulation at 945-nm wavelength: anxiety and depression,PubMed
S073,2020,Kerppers et al.,Anxiety Disorder,clinical,adult,Controlled Trial,transcranial,945,2,30,single-blind,sham-controlled,Depression,positive,20,Study of transcranial photobiomodulation at 945-nm wavelength: anxiety and depression,PubMed
S073,2020,Kerppers et al.,Major Depressive Disorder,clinical,adult,Controlled Trial,transcranial,945,2,30,single-blind,sham-controlled,Anxiety,positive,20,Study of transcranial photobiomodulation at 945-nm wavelength: anxiety and depression,PubMed
S073,2020,Kerppers et al.,Major Depressive Disorder,clinical,adult,Controlled Trial,transcranial,945,2,30,single-blind,sham-controlled,Depression,positive,20,Study of transcranial photobiomodulation at 945-nm wavelength: anxiety and depression,PubMed
S047,2020,Schiffer et al.,Major Depressive Disorder,clinical,adult,Case Series,transcranial,810,4,20,no blinding,no control group,Addiction/Cravings,positive,42,Unilateral transcranial photobiomodulation for opioid addiction in a clinical practice: A clinical overview and case series,ScienceDirect
S047,2020,Schiffer et al.,Major Depressive Disorder,clinical,adult,Case Series,transcranial,810,4,20,no blinding,no control group,Mood,positive,42,Unilateral transcranial photobiomodulation for opioid addiction in a clinical practice: A clinical overview and case series,ScienceDirect
S047,2020,Schiffer et al.,Opioid Use Disorder,clinical,adult,Case Series,transcranial,810,4,20,no blinding,no control group,Addiction/Cravings,positive,42,Unilateral transcranial photobiomodulation for opioid addiction in a clinical practice: A clinical overview and case series,ScienceDirect
S047,2020,Schiffer et al.,Opioid Use Disorder,clinical,adult,Case Series,transcranial,810,4,20,no blinding,no control group,Mood,positive,42,Unilateral transcranial photobiomodulation for opioid addiction in a clinical practice: A clinical overview and case series,ScienceDirect
S076,2021,Cardosa et al.,Natural Aging,aging,geriatric,Controlled Trial,transcranial,633,NA,NA,not reported,NA,Cognitive Function,positive,36,Photobiomodulation for the aging brain,PubMed
S076,2021,Cardosa et al.,Natural Aging,aging,geriatric,Controlled Trial,transcranial,633,NA,NA,not reported,NA,Memory,positive,36,Photobiomodulation for the aging brain,PubMed
S079,2021,Cardoso et al.,Natural Aging,aging,geriatric,Controlled Trial,transcranial,633,NA,NA,not reported,NA,Cognitive Function,positive,NA,Photobiomodulation for the aging brain,ScienceDirect
S011,2021,Chan et al.,Mild Cognitive Impairment,aging,geriatric,Controlled Trial,transcranial,NA,NA,1,single-blind,sham-controlled,Memory,positive,36,Photobiomodulation Enhances Memory Processing in Older Adults with Mild Cognitive Impairment: A Functional Near-Infrared Spectroscopy Study,PubMed
S009,2021,Chao et al.,Alzheimer's,clinical,geriatric,Rct,transcranial,810,20,36,no blinding,no control group,Cognitive Function,positive,8,"Effects of Home Photobiomodulation Treatments on Cognitive and Behavioral Function, Cerebral Perfusion, and Resting-State Functional Connectivity in Patients with Dementia: A Pilot Trial",PubMed
S009,2021,Chao et al.,Dementia,clinical,geriatric,Rct,transcranial,810,20,36,no blinding,no control group,Cognitive Function,positive,8,"Effects of Home Photobiomodulation Treatments on Cognitive and Behavioral Function, Cerebral Perfusion, and Resting-State Functional Connectivity in Patients with Dementia: A Pilot Trial",PubMed
S044,2021,Kheradmand et al.,Schizophrenia,clinical,adult,Rct,transcranial,810,10,5,double-blind,placebo-controlled,Schizophrenia,negative,32,Effect of low-level laser therapy (LLLT) on cognitive impairment among patients with chronic schizophrenia: a double-blind randomized placebo-controlled clinical trial,ResearchGate
S083,2021,Nagy et al.,Alzheimer's,clinical,geriatric,Rct,peripheral,650,30,72,not reported,sham-controlled,Cognitive Function,positive,50,Impact of Combined Photo-Biomodulation and Aerobic Exercise on Cognitive Function and Quality-of-Life in Elderly Alzheimer Patients with Anemia: A Randomized Clinical Trial,Pubmed
S083,2021,Nagy et al.,Alzheimer's,clinical,geriatric,Rct,peripheral,650,30,72,not reported,sham-controlled,Quality of Life,positive,50,Impact of Combined Photo-Biomodulation and Aerobic Exercise on Cognitive Function and Quality-of-Life in Elderly Alzheimer Patients with Anemia: A Randomized Clinical Trial,Pubmed
S057,2021,Nizamutdinov et al.,Alzheimer's,clinical,geriatric,Open-Label Pilot,transcranial,1080,6,112,double-blind,sham-controlled,Cognitive Function,positive,19,Transcranial Near Infrared Light Stimulations Improve Cognition in Patients with Dementia,Pubmed
S057,2021,Nizamutdinov et al.,Alzheimer's,clinical,geriatric,Open-Label Pilot,transcranial,1080,6,112,double-blind,sham-controlled,Memory,positive,19,Transcranial Near Infrared Light Stimulations Improve Cognition in Patients with Dementia,Pubmed
S057,2021,Nizamutdinov et al.,Dementia,clinical,geriatric,Open-Label Pilot,transcranial,1080,6,112,double-blind,sham-controlled,Cognitive Function,positive,19,Transcranial Near Infrared Light Stimulations Improve Cognition in Patients with Dementia,Pubmed
S057,2021,Nizamutdinov et al.,Dementia,clinical,geriatric,Open-Label Pilot,transcranial,1080,6,112,double-blind,sham-controlled,Memory,positive,19,Transcranial Near Infrared Light Stimulations Improve Cognition in Patients with Dementia,Pubmed
S086,2021,Yang et al.,Alzheimer's,clinical,geriatric,Controlled Trial,transcranial,810,2,60,single-blind,sham-controlled,Anxiety,positive,20,Photobiomodulation Therapy Attenuates Anxious-Depressive-Like Behavior in the TgF344 Rat Model,Pubmed
S086,2021,Yang et al.,Alzheimer's,clinical,geriatric,Controlled Trial,transcranial,810,2,60,single-blind,sham-controlled,Cognitive Function,positive,20,Photobiomodulation Therapy Attenuates Anxious-Depressive-Like Behavior in the TgF344 Rat Model,Pubmed
S086,2021,Yang et al.,Alzheimer's,clinical,geriatric,Controlled Trial,transcranial,810,2,60,single-blind,sham-controlled,Depression,positive,20,Photobiomodulation Therapy Attenuates Anxious-Depressive-Like Behavior in the TgF344 Rat Model,Pubmed
S096,2021,Yokoi et al.,Alzheimer's,clinical,geriatric,Open-Label Pilot,transcranial,1071,20,12,no blinding,no control group,Attention,positive,12,A randomized sham-controlled trial of transcranial and intranasal photobiomodulation in Japanese patients with mild cognitive impairment and mild dementia due to Alzheimer’s disease: a protocol - PMC,PubMed
S096,2021,Yokoi et al.,Alzheimer's,clinical,geriatric,Open-Label Pilot,transcranial,1071,20,12,no blinding,no control group,Language,positive,12,A randomized sham-controlled trial of transcranial and intranasal photobiomodulation in Japanese patients with mild cognitive impairment and mild dementia due to Alzheimer’s disease: a protocol - PMC,PubMed
S096,2021,Yokoi et al.,Alzheimer's,clinical,geriatric,Open-Label Pilot,transcranial,1071,20,12,no blinding,no control group,Memory,positive,12,A randomized sham-controlled trial of transcranial and intranasal photobiomodulation in Japanese patients with mild cognitive impairment and mild dementia due to Alzheimer’s disease: a protocol - PMC,PubMed
S096,2021,Yokoi et al.,Dementia,clinical,geriatric,Open-Label Pilot,transcranial,1071,20,12,no blinding,no control group,Attention,positive,12,A randomized sham-controlled trial of transcranial and intranasal photobiomodulation in Japanese patients with mild cognitive impairment and mild dementia due to Alzheimer’s disease: a protocol - PMC,PubMed
S096,2021,Yokoi et al.,Dementia,clinical,geriatric,Open-Label Pilot,transcranial,1071,20,12,no blinding,no control group,Language,positive,12,A randomized sham-controlled trial of transcranial and intranasal photobiomodulation in Japanese patients with mild cognitive impairment and mild dementia due to Alzheimer’s disease: a protocol - PMC,PubMed
S096,2021,Yokoi et al.,Dementia,clinical,geriatric,Open-Label Pilot,transcranial,1071,20,12,no blinding,no control group,Memory,positive,12,A randomized sham-controlled trial of transcranial and intranasal photobiomodulation in Japanese patients with mild cognitive impairment and mild dementia due to Alzheimer’s disease: a protocol - PMC,PubMed
S040,2022,Blivet et al.,Alzheimer's,clinical,geriatric,Rct,transcranial,850,25,40,double-blind,sham-controlled,Brain-Gut,positive,53,"A Randomized, Double-Blind, and Sham-Controlled Trial of an Innovative Brain-Gut Photobiomodulation Therapy: Safety and Patient Compliance",PubMed
S007,2022,Iosifescu et al.,Major Depressive Disorder,clinical,adult,Rct,transcranial,830,20,12,double-blind,sham-controlled,Mood,mixed,41,"Very Low-Level Transcranial Photobiomodulation for Major Depressive Disorder: The ELATED-3 Multicenter, Randomized, Sham-Controlled Trial",PubMed
S045,2022,Kheradmand et al.,Dementia,clinical,geriatric,Rct,transcranial,630,10,6,double-blind,sham-controlled,Cognitive Function,positive,32,Therapeutic Effects of Low-Level Laser Therapy on Cognitive Symptoms of Patients with Dementia: A Double-Blinded Randomized Clinical Trial,Sage Journals
S089,2022,Moro et al.,Insomnia,healthy,adult,Controlled Trial,transcranial,810,NA,NA,not reported,NA,Sleep,positive,20,The effect of photobiomodulation on the brain during wakefulness and sleep,Frontiers
S059,2022,Navarro-Ledesma et al.,Fibromyalgia,clinical,adult,Rct,peripheral,640,NA,12,triple-blind,placebo-controlled,Anxiety,positive,42,"Short-Term Effects of Whole-Body Photobiomodulation on Pain, Quality of Life and Psychological Factors in a Population Suffering from Fibromyalgia: A Triple-Blinded Randomised Clinical Trial",PubMed
S059,2022,Navarro-Ledesma et al.,Fibromyalgia,clinical,adult,Rct,peripheral,640,NA,12,triple-blind,placebo-controlled,Mood,positive,42,"Short-Term Effects of Whole-Body Photobiomodulation on Pain, Quality of Life and Psychological Factors in a Population Suffering from Fibromyalgia: A Triple-Blinded Randomised Clinical Trial",PubMed
S059,2022,Navarro-Ledesma et al.,Fibromyalgia,clinical,adult,Rct,peripheral,640,NA,12,triple-blind,placebo-controlled,Pain,positive,42,"Short-Term Effects of Whole-Body Photobiomodulation on Pain, Quality of Life and Psychological Factors in a Population Suffering from Fibromyalgia: A Triple-Blinded Randomised Clinical Trial",PubMed
S059,2022,Navarro-Ledesma et al.,Fibromyalgia,clinical,adult,Rct,peripheral,640,NA,12,triple-blind,placebo-controlled,Sleep,positive,42,"Short-Term Effects of Whole-Body Photobiomodulation on Pain, Quality of Life and Psychological Factors in a Population Suffering from Fibromyalgia: A Triple-Blinded Randomised Clinical Trial",PubMed
S054,2022,O'Donnell et al.,Bipolar Disorder,clinical,geriatric,Controlled Trial,transcranial,1064,NA,5,not reported,sham-controlled,Cognitive Function,positive,15,Transcranial Infrared Laser Stimulation Improves Cognition in Older Bipolar Patients: Proof of Concept Study,Sage Journals
S010,2022,Papi et al.,Mild Cognitive Impairment,aging,geriatric,Rct,transcranial,850,10,5,single-blind,sham-controlled,Attention,positive,40,The effect of transcranial photobiomodulation on cognitive function and attentional performance of older women with mild cognitive impairment: a randomized controlled trial,PubMed
S010,2022,Papi et al.,Mild Cognitive Impairment,aging,geriatric,Rct,transcranial,850,10,5,single-blind,sham-controlled,Cognitive Function,positive,40,The effect of transcranial photobiomodulation on cognitive function and attentional performance of older women with mild cognitive impairment: a randomized controlled trial,PubMed
S078,2022,Qu et al.,Natural Aging,aging,geriatric,Controlled Trial,transcranial,1064,12,7,single-blind,sham-controlled,Memory,positive,28,Repeated transcranial photobiomodulation improves working memory of healthy older adults: behavioral outcomes of poststimulation including a three-week follow-up,PubMed
S095,2022,Wang et al.,Healthy,healthy,adult,Controlled Trial,transcranial,1064,11,1,single-blind,sham-controlled,Brain Oscillations,positive,20,Transcranial photobiomodulation with 1064-nm laser modulates brain electroencephalogram rhythms,PubMed
S095,2022,Wang et al.,Healthy,healthy,adult,Controlled Trial,transcranial,1064,11,1,single-blind,sham-controlled,Cognitive Function,positive,20,Transcranial photobiomodulation with 1064-nm laser modulates brain electroencephalogram rhythms,PubMed
S049,2022,Zhao et al.,Healthy,healthy,adult,Rct,transcranial,1064,12,1,double-blind,sham-controlled,Memory,positive,37,Transcranial photobiomodulation enhances visual working memory capacity in humans | Science Advances,Science Advances
S081,2022,Zhao et al.,Healthy,healthy,adult,Rct,transcranial,1064,NA,1,double-blind,sham-controlled,Memory,positive,40,Transcranial photobiomodulation enhances visual working memory capacity in humans | Science Advances,AAAS
S090,2023,Askalsky et al.,Anxiety Disorder,clinical,adult,Controlled Trial,transcranial,820,3,16,not reported,NA,Anxiety,positive,37,Transcranial Photobiomodulation For The Management Of Depression: Current Perspectives - PMC,PubMed
S090,2023,Askalsky et al.,Anxiety Disorder,clinical,adult,Controlled Trial,transcranial,820,3,16,not reported,NA,Depression,positive,37,Transcranial Photobiomodulation For The Management Of Depression: Current Perspectives - PMC,PubMed
S090,2023,Askalsky et al.,Major Depressive Disorder,clinical,adult,Controlled Trial,transcranial,820,3,16,not reported,NA,Anxiety,positive,37,Transcranial Photobiomodulation For The Management Of Depression: Current Perspectives - PMC,PubMed
S090,2023,Askalsky et al.,Major Depressive Disorder,clinical,adult,Controlled Trial,transcranial,820,3,16,not reported,NA,Depression,positive,37,Transcranial Photobiomodulation For The Management Of Depression: Current Perspectives - PMC,PubMed
S101,2023,Bowen & Arany,Cognitive Dysfunction,clinical,adult,Open-Label Pilot,transcranial,1070,14,12,no blinding,no control group,Cognitive Function,positive,7,Use of either transcranial or whole‐body photobiomodulation treatments improves COVID‐19 brain fog - Bowen - 2023 - Journal of Biophotonics - Wiley Online Library,Wiley
S075,2023,Carneiro et al.,Brain Injury,clinical,adult,Open-Label Pilot,transcranial,630,30,18,no blinding,open-label,Cognitive Function,positive,10,Transcranial Photobiomodulation Therapy in the Cognitive Rehabilitation of Patients with Cranioencephalic Trauma,PubMed
S099,2023,Coelho et al.,OCD,clinical,adult,Review / Hypothesis,transcranial,NA,NA,NA,not reported,NA,Anxiety,inconclusive,NA,Inflammation in obsessive-compulsive disorder: A literature review and hypothesis-based potential of transcranial photobiomodulation,PubMed
S099,2023,Coelho et al.,OCD,clinical,adult,Review / Hypothesis,transcranial,NA,NA,NA,not reported,NA,OCD Symptoms,inconclusive,NA,Inflammation in obsessive-compulsive disorder: A literature review and hypothesis-based potential of transcranial photobiomodulation,PubMed
S062,2023,Fitzmaurice et al.,Fibromyalgia,clinical,adult,Feasibility Trial,peripheral,850,20,18,no blinding,no control group,Anxiety,positive,19,Whole-Body Photobiomodulation Therapy for Fibromyalgia: A Feasibility Trial,PubMed
S062,2023,Fitzmaurice et al.,Fibromyalgia,clinical,adult,Feasibility Trial,peripheral,850,20,18,no blinding,no control group,Depression,positive,19,Whole-Body Photobiomodulation Therapy for Fibromyalgia: A Feasibility Trial,PubMed
S062,2023,Fitzmaurice et al.,Fibromyalgia,clinical,adult,Feasibility Trial,peripheral,850,20,18,no blinding,no control group,Mood,positive,19,Whole-Body Photobiomodulation Therapy for Fibromyalgia: A Feasibility Trial,PubMed
S062,2023,Fitzmaurice et al.,Fibromyalgia,clinical,adult,Feasibility Trial,peripheral,850,20,18,no blinding,no control group,Sleep,positive,19,Whole-Body Photobiomodulation Therapy for Fibromyalgia: A Feasibility Trial,PubMed
S031,2023,Herkes et al.,Parkinson's,clinical,geriatric,Rct,transcranial,810,24,72,double-blind,sham-controlled,Motor Skills,mixed,40,A novel transcranial photobiomodulation device to address motor signs of Parkinson's disease: a parallel randomised feasibility study,ScienceDirect
S035,2023,Hu et al.,Healthy,healthy,adult,Rct,transcranial,1064,12,7,single-blind,sham-controlled,Memory,positive,57,Repeated Photobiomodulation Induced Reduction of Bilateral Cortical Hemodynamic Activation During a Working Memory Task in Healthy Older Adults,PubMed
S042,2023,Lee et al.,Healthy,healthy,adult,Single-Arm; Pre-Post,transcranial,810,5.83,1,double-blind,sham-controlled,Cognitive Function,positive,30,Frontiers | Photobiomodulation may enhance cognitive efficiency in older adults: a functional near-infrared spectroscopy study,Frontiers
S069,2023,Naeser et al.,Brain Injury,clinical,adult,Open-Label Pilot,transcranial,870,10,116,no blinding,no control group,Cognitive Function,positive,14,"Improved Cognitive Function After Transcranial, Light-Emitting Diode Treatments in Chronic, Traumatic Brain Injury: Two Case Reports - Margaret A. Naeser, Anita Saltmarche, Maxine H. Krengel, Michael R. Hamblin, Jeffrey A. Knight, 2011",Sage Journals
S069,2023,Naeser et al.,Brain Injury,clinical,adult,Open-Label Pilot,transcranial,870,10,116,no blinding,no control group,PTSD Symptoms,positive,14,"Improved Cognitive Function After Transcranial, Light-Emitting Diode Treatments in Chronic, Traumatic Brain Injury: Two Case Reports - Margaret A. Naeser, Anita Saltmarche, Maxine H. Krengel, Michael R. Hamblin, Jeffrey A. Knight, 2011",Sage Journals
S069,2023,Naeser et al.,Brain Injury,clinical,adult,Open-Label Pilot,transcranial,870,10,116,no blinding,no control group,Sleep,positive,14,"Improved Cognitive Function After Transcranial, Light-Emitting Diode Treatments in Chronic, Traumatic Brain Injury: Two Case Reports - Margaret A. Naeser, Anita Saltmarche, Maxine H. Krengel, Michael R. Hamblin, Jeffrey A. Knight, 2011",Sage Journals
S094,2023,Truong et al.,Healthy,healthy,adult,Controlled Trial,transcranial,1064,8,1,single-blind,sham-controlled,Brain Hemodynamics,positive,24,Enhancement of Frequency-Specific Hemodynamic Power and Functional Connectivity by Transcranial Photobiomodulation in Healthy Humans,Frontiers
S094,2023,Truong et al.,Healthy,healthy,adult,Controlled Trial,transcranial,1064,8,1,single-blind,sham-controlled,Cognitive Function,positive,24,Enhancement of Frequency-Specific Hemodynamic Power and Functional Connectivity by Transcranial Photobiomodulation in Healthy Humans,Frontiers
S008,2023,Wang et al.,Anxiety Disorder,clinical,adult,Rct,transcranial,820,16,56,double-blind,sham-controlled,Anxiety,positive,40,"820-nm Transcranial near-infrared stimulation on the left DLPFC relieved anxiety: A randomized, double-blind, sham-controlled study",PubMed
S087,2024,Colzato et al.,Bipolar Disorder,clinical,adult,Crossover,transcranial,808,NA,1,not reported,NA,Cognitive Function,inconclusive,20,Transcranial Photobiomodulation for Executive Function in Bipolar Disorder (TPEB): Study Protocol,MDPI
S032,2024,Dmochowski et al.,Healthy,healthy,adult,Randomized Spectroscopy Study,transcranial,NA,10,1,single-blind,sham-controlled,Brain Stimulation,positive,14,ID: 331690 Effects of Transcranial Photobiomodulation on Cerebral Bioenergetics: a Magnetic Resonance Spectroscopy Study,ScienceDirect
S033,2024,Gaggi et al.,Alzheimer's,clinical,geriatric,Open-Label Pilot,transcranial,808,NA,1,not reported,no control group,Brain Stimulation,positive,19,Transcranial photobiomodulation increases intrinsic brain activity within irradiated areas in early Alzheimer's disease: Potential link with cerebral metabolism,ScienceDirect
S038,2024,Hao et al.,Major Depressive Disorder,clinical,adult,Open-Label Pilot,transcranial,820,16,14,double-blind,placebo-controlled,Depression,positive,11,Efficacy of transcranial photobiomodulation in the treatment for major depressive disorder: A TMS-EEG and pilot study,PubMed
S012,2024,Karr et al.,Brain Injury,clinical,adult,Rct,transcranial,NA,40,18,not reported,sham-controlled,Cognitive Function,mixed,15,Treatment of chronic symptoms following mild traumatic brain injury with transcranial LED: a sham run-in pilot study of photobiomodulation therapy,PubMed
S012,2024,Karr et al.,Brain Injury,clinical,adult,Rct,transcranial,NA,40,18,not reported,sham-controlled,Mood,mixed,15,Treatment of chronic symptoms following mild traumatic brain injury with transcranial LED: a sham run-in pilot study of photobiomodulation therapy,PubMed
S071,2024,Liu et al.,Post-Stroke Depression,clinical,adult,Rct,peripheral,630,40,56,double-blind,sham-controlled,Depression,positive,100,"Effects of phototherapy on biopterin, neopterin, tryptophan, and behavioral neuroinflammatory reaction in patients with post-stroke depression",PubMed
S071,2024,Liu et al.,Post-Stroke Depression,clinical,adult,Rct,peripheral,630,40,56,double-blind,sham-controlled,Mood,positive,100,"Effects of phototherapy on biopterin, neopterin, tryptophan, and behavioral neuroinflammatory reaction in patients with post-stroke depression",PubMed
S060,2024,Navarro-Ledesma et al.,Fibromyalgia,clinical,adult,Rct,peripheral,850,20,12,double-blind,sham-controlled,Anxiety,positive,42,"Outcomes of whole-body photobiomodulation on pain, quality of life, leisure physical activity, pain catastrophizing, kinesiophobia, and self-efficacy: a prospective randomized triple-blinded clinical trial with 6 months of follow-up",Frontiers
S060,2024,Navarro-Ledesma et al.,Fibromyalgia,clinical,adult,Rct,peripheral,850,20,12,double-blind,sham-controlled,Mood,positive,42,"Outcomes of whole-body photobiomodulation on pain, quality of life, leisure physical activity, pain catastrophizing, kinesiophobia, and self-efficacy: a prospective randomized triple-blinded clinical trial with 6 months of follow-up",Frontiers
S060,2024,Navarro-Ledesma et al.,Fibromyalgia,clinical,adult,Rct,peripheral,850,20,12,double-blind,sham-controlled,Pain,positive,42,"Outcomes of whole-body photobiomodulation on pain, quality of life, leisure physical activity, pain catastrophizing, kinesiophobia, and self-efficacy: a prospective randomized triple-blinded clinical trial with 6 months of follow-up",Frontiers
S060,2024,Navarro-Ledesma et al.,Fibromyalgia,clinical,adult,Rct,peripheral,850,20,12,double-blind,sham-controlled,Sleep,positive,42,"Outcomes of whole-body photobiomodulation on pain, quality of life, leisure physical activity, pain catastrophizing, kinesiophobia, and self-efficacy: a prospective randomized triple-blinded clinical trial with 6 months of follow-up",Frontiers
S066,2024,Poiani et al.,Natural Aging,aging,geriatric,Rct,transcranial,850,20,24,double-blind,placebo-controlled,Cognitive Function,positive,40,"Transcranial photobiomodulation increases cognition and serum BDNF levels in adults over 50 years: A randomized, double-blind, placebo-controlled trial",Pubmed
S041,2024,Razzaghi et al.,Alzheimer's,clinical,geriatric,Rct,transcranial,810,20,84,double-blind,sham-controlled,Cognitive Function,positive,13,Photobiomodulation's potential as a non-invasive therapy for alzheimer's disease and minimal cognitive impairment: A 12-week investigation,PubMed
S041,2024,Razzaghi et al.,Alzheimer's,clinical,geriatric,Rct,transcranial,810,20,84,double-blind,sham-controlled,Dementia,positive,13,Photobiomodulation's potential as a non-invasive therapy for alzheimer's disease and minimal cognitive impairment: A 12-week investigation,PubMed
S005,2024,Weerasekera et al.,Major Depressive Disorder,clinical,adult,Randomized Spectroscopy Study,transcranial,850,NA,4,single-blind,sham-controlled,Brain Temperature,mixed,30,Dose-dependent effects of transcranial photobiomodulation on brain temperature in patients with major depressive disorder: a spectroscopy study,PubMed
S005,2024,Weerasekera et al.,Major Depressive Disorder,clinical,adult,Randomized Spectroscopy Study,transcranial,850,NA,4,single-blind,sham-controlled,Safety,mixed,30,Dose-dependent effects of transcranial photobiomodulation on brain temperature in patients with major depressive disorder: a spectroscopy study,PubMed
S023,2024,de Oliveira et al.,Mild Cognitive Impairment,aging,geriatric,Rct,transcranial,660,20,24,double-blind,placebo-controlled,Cognitive Function,positive,76,"Transcranial photobiomodulation increases cognition and serum BDNF levels in adults over 50 years: A randomized, double-blind, placebo-controlled trial",ScienceDirect
S023,2024,de Oliveira et al.,Mild Cognitive Impairment,aging,geriatric,Rct,transcranial,660,20,24,double-blind,placebo-controlled,Memory,positive,76,"Transcranial photobiomodulation increases cognition and serum BDNF levels in adults over 50 years: A randomized, double-blind, placebo-controlled trial",ScienceDirect
S028,2025,Ceranoglu et al.,ADHD,clinical,pediatric,Open-Label Pilot,transcranial,NA,NA,NA,no blinding,no control group,ADHD Symptoms,positive,31,4.38 Transcranial Photobiomodulation in Treatment of Autistic Traits in Youth With ADHD,ScienceDirect
S085,2025,Ceranoglu et al.,ADHD,clinical,adult,Open-Label Pilot,transcranial,NA,NA,16,no blinding,no control group,ADHD Symptoms,mixed,30,Efficacy of tPBM on ADHD symptoms and Executive Function Deficits in Adults with high-functioning Autism Spectrum Disorder - PMC,Pubmed
S028,2025,Ceranoglu et al.,ADHD,clinical,pediatric,Open-Label Pilot,transcranial,NA,NA,NA,no blinding,no control group,Autism Symptoms,positive,31,4.38 Transcranial Photobiomodulation in Treatment of Autistic Traits in Youth With ADHD,ScienceDirect
S085,2025,Ceranoglu et al.,ADHD,clinical,adult,Open-Label Pilot,transcranial,NA,NA,16,no blinding,no control group,Cognitive Function,mixed,30,Efficacy of tPBM on ADHD symptoms and Executive Function Deficits in Adults with high-functioning Autism Spectrum Disorder - PMC,Pubmed
S028,2025,Ceranoglu et al.,ADHD,clinical,pediatric,Open-Label Pilot,transcranial,NA,NA,NA,no blinding,no control group,Emotional Regulation,positive,31,4.38 Transcranial Photobiomodulation in Treatment of Autistic Traits in Youth With ADHD,ScienceDirect
S028,2025,Ceranoglu et al.,ADHD,clinical,pediatric,Open-Label Pilot,transcranial,NA,NA,NA,no blinding,no control group,Social Behavior,positive,31,4.38 Transcranial Photobiomodulation in Treatment of Autistic Traits in Youth With ADHD,ScienceDirect
S028,2025,Ceranoglu et al.,Autism Spectrum Disorder,clinical,pediatric,Open-Label Pilot,transcranial,NA,NA,NA,no blinding,no control group,ADHD Symptoms,positive,31,4.38 Transcranial Photobiomodulation in Treatment of Autistic Traits in Youth With ADHD,ScienceDirect
S028,2025,Ceranoglu et al.,Autism Spectrum Disorder,clinical,pediatric,Open-Label Pilot,transcranial,NA,NA,NA,no blinding,no control group,Autism Symptoms,positive,31,4.38 Transcranial Photobiomodulation in Treatment of Autistic Traits in Youth With ADHD,ScienceDirect
S028,2025,Ceranoglu et al.,Autism Spectrum Disorder,clinical,pediatric,Open-Label Pilot,transcranial,NA,NA,NA,no blinding,no control group,Emotional Regulation,positive,31,4.38 Transcranial Photobiomodulation in Treatment of Autistic Traits in Youth With ADHD,ScienceDirect
S028,2025,Ceranoglu et al.,Autism Spectrum Disorder,clinical,pediatric,Open-Label Pilot,transcranial,NA,NA,NA,no blinding,no control group,Social Behavior,positive,31,4.38 Transcranial Photobiomodulation in Treatment of Autistic Traits in Youth With ADHD,ScienceDirect
S093,2025,Chan et al.,Alzheimer's,clinical,geriatric,Open-Label Pilot,transcranial,810,20,20,no blinding,no control group,Cognitive Function,positive,1,Effects of whole-head 810 nm near-infrared therapy on cognitive and neuropsychiatric symptoms in Alzheimer's disease: A pilot study,PubMed
S093,2025,Chan et al.,Alzheimer's,clinical,geriatric,Open-Label Pilot,transcranial,810,20,20,no blinding,no control group,Mood,positive,1,Effects of whole-head 810 nm near-infrared therapy on cognitive and neuropsychiatric symptoms in Alzheimer's disease: A pilot study,PubMed
S098,2025,Coelho et al.,Chronic Pain,clinical,adult,Controlled Trial,transcranial,905,NA,NA,not reported,NA,Mood,positive,30,Treating neuropathic pain and comorbid affective disorders: Preclinical and clinical evidence - Coelho - 2024,Wiley
S098,2025,Coelho et al.,Chronic Pain,clinical,adult,Controlled Trial,transcranial,905,NA,NA,not reported,NA,Pain,positive,30,Treating neuropathic pain and comorbid affective disorders: Preclinical and clinical evidence - Coelho - 2024,Wiley
S098,2025,Coelho et al.,Major Depressive Disorder,clinical,adult,Controlled Trial,transcranial,905,NA,NA,not reported,NA,Mood,positive,30,Treating neuropathic pain and comorbid affective disorders: Preclinical and clinical evidence - Coelho - 2024,Wiley
S098,2025,Coelho et al.,Major Depressive Disorder,clinical,adult,Controlled Trial,transcranial,905,NA,NA,not reported,NA,Pain,positive,30,Treating neuropathic pain and comorbid affective disorders: Preclinical and clinical evidence - Coelho - 2024,Wiley
S037,2025,Fradkin et al.,Autism Spectrum Disorder,clinical,pediatric,Open-Label Pilot,transcranial,850,12,20,no blinding,no control group,Autism Symptoms,positive,23,Transcranial photobiomodulation for reducing symptoms of autism spectrum disorder and modulating brain electrophysiology in children aged 2–7: an open label study - PMC,PubMed
S082,2025,Guu et al.,Insomnia,clinical,adult,Rct,transcranial,850,40,56,double-blind,sham-controlled,Depression,mixed,48,"Wearable, self-administered transcranial photobiomodulation for major depressive disorder and sleep: A randomized, double blind, sham-controlled trial",ScienceDirect
S082,2025,Guu et al.,Insomnia,clinical,adult,Rct,transcranial,850,40,56,double-blind,sham-controlled,Sleep,mixed,48,"Wearable, self-administered transcranial photobiomodulation for major depressive disorder and sleep: A randomized, double blind, sham-controlled trial",ScienceDirect
S082,2025,Guu et al.,Major Depressive Disorder,clinical,adult,Rct,transcranial,850,40,56,double-blind,sham-controlled,Depression,mixed,48,"Wearable, self-administered transcranial photobiomodulation for major depressive disorder and sleep: A randomized, double blind, sham-controlled trial",ScienceDirect
S006,2025,Guu et al.,Major Depressive Disorder,clinical,adult,Rct,transcranial,850,40,56,double-blind,sham-controlled,Mood,mixed,48,"Wearable, self-administered transcranial photobiomodulation for major depressive disorder and sleep: A randomized, double blind, sham-controlled trial",PubMed
S006,2025,Guu et al.,Major Depressive Disorder,clinical,adult,Rct,transcranial,850,40,56,double-blind,sham-controlled,Sleep,mixed,48,"Wearable, self-administered transcranial photobiomodulation for major depressive disorder and sleep: A randomized, double blind, sham-controlled trial",PubMed
S082,2025,Guu et al.,Major Depressive Disorder,clinical,adult,Rct,transcranial,850,40,56,double-blind,sham-controlled,Sleep,mixed,48,"Wearable, self-administered transcranial photobiomodulation for major depressive disorder and sleep: A randomized, double blind, sham-controlled trial",ScienceDirect
S022,2025,Helali et al.,Anxiety Disorder,clinical,adult,Rct,transcranial,810,4,NA,double-blind,sham-controlled,Addiction/Cravings,positive,70,"The effectiveness of Transcranial Photobiomodulation therapy (tPBM) on reducing anxiety, depression, and opioid craving in patients undergoing methadone maintenance treatment: a double-blind, randomized, controlled trial | BMC Psychiatry",BMC Psychiatry
S048,2025,Helali et al.,Anxiety Disorder,clinical,adult,Rct,transcranial,810,4,1,double-blind,sham-controlled,Addiction/Cravings,positive,70,"The effectiveness of Transcranial Photobiomodulation therapy (tPBM) on reducing anxiety, depression, and opioid craving in patients undergoing methadone maintenance treatment: a double-blind, randomized, controlled trial | BMC Psychiatry",Springer Nature
S022,2025,Helali et al.,Anxiety Disorder,clinical,adult,Rct,transcranial,810,4,NA,double-blind,sham-controlled,Anxiety,positive,70,"The effectiveness of Transcranial Photobiomodulation therapy (tPBM) on reducing anxiety, depression, and opioid craving in patients undergoing methadone maintenance treatment: a double-blind, randomized, controlled trial | BMC Psychiatry",BMC Psychiatry
S048,2025,Helali et al.,Anxiety Disorder,clinical,adult,Rct,transcranial,810,4,1,double-blind,sham-controlled,Anxiety,positive,70,"The effectiveness of Transcranial Photobiomodulation therapy (tPBM) on reducing anxiety, depression, and opioid craving in patients undergoing methadone maintenance treatment: a double-blind, randomized, controlled trial | BMC Psychiatry",Springer Nature
S022,2025,Helali et al.,Anxiety Disorder,clinical,adult,Rct,transcranial,810,4,NA,double-blind,sham-controlled,Depression,positive,70,"The effectiveness of Transcranial Photobiomodulation therapy (tPBM) on reducing anxiety, depression, and opioid craving in patients undergoing methadone maintenance treatment: a double-blind, randomized, controlled trial | BMC Psychiatry",BMC Psychiatry
S048,2025,Helali et al.,Anxiety Disorder,clinical,adult,Rct,transcranial,810,4,1,double-blind,sham-controlled,Depression,positive,70,"The effectiveness of Transcranial Photobiomodulation therapy (tPBM) on reducing anxiety, depression, and opioid craving in patients undergoing methadone maintenance treatment: a double-blind, randomized, controlled trial | BMC Psychiatry",Springer Nature
S022,2025,Helali et al.,Major Depressive Disorder,clinical,adult,Rct,transcranial,810,4,NA,double-blind,sham-controlled,Addiction/Cravings,positive,70,"The effectiveness of Transcranial Photobiomodulation therapy (tPBM) on reducing anxiety, depression, and opioid craving in patients undergoing methadone maintenance treatment: a double-blind, randomized, controlled trial | BMC Psychiatry",BMC Psychiatry
S048,2025,Helali et al.,Major Depressive Disorder,clinical,adult,Rct,transcranial,810,4,1,double-blind,sham-controlled,Addiction/Cravings,positive,70,"The effectiveness of Transcranial Photobiomodulation therapy (tPBM) on reducing anxiety, depression, and opioid craving in patients undergoing methadone maintenance treatment: a double-blind, randomized, controlled trial | BMC Psychiatry",Springer Nature
S022,2025,Helali et al.,Major Depressive Disorder,clinical,adult,Rct,transcranial,810,4,NA,double-blind,sham-controlled,Anxiety,positive,70,"The effectiveness of Transcranial Photobiomodulation therapy (tPBM) on reducing anxiety, depression, and opioid craving in patients undergoing methadone maintenance treatment: a double-blind, randomized, controlled trial | BMC Psychiatry",BMC Psychiatry
S048,2025,Helali et al.,Major Depressive Disorder,clinical,adult,Rct,transcranial,810,4,1,double-blind,sham-controlled,Anxiety,positive,70,"The effectiveness of Transcranial Photobiomodulation therapy (tPBM) on reducing anxiety, depression, and opioid craving in patients undergoing methadone maintenance treatment: a double-blind, randomized, controlled trial | BMC Psychiatry",Springer Nature
S022,2025,Helali et al.,Major Depressive Disorder,clinical,adult,Rct,transcranial,810,4,NA,double-blind,sham-controlled,Depression,positive,70,"The effectiveness of Transcranial Photobiomodulation therapy (tPBM) on reducing anxiety, depression, and opioid craving in patients undergoing methadone maintenance treatment: a double-blind, randomized, controlled trial | BMC Psychiatry",BMC Psychiatry
S048,2025,Helali et al.,Major Depressive Disorder,clinical,adult,Rct,transcranial,810,4,1,double-blind,sham-controlled,Depression,positive,70,"The effectiveness of Transcranial Photobiomodulation therapy (tPBM) on reducing anxiety, depression, and opioid craving in patients undergoing methadone maintenance treatment: a double-blind, randomized, controlled trial | BMC Psychiatry",Springer Nature
S022,2025,Helali et al.,Opioid Craving,clinical,adult,Rct,transcranial,810,4,NA,double-blind,sham-controlled,Addiction/Cravings,positive,70,"The effectiveness of Transcranial Photobiomodulation therapy (tPBM) on reducing anxiety, depression, and opioid craving in patients undergoing methadone maintenance treatment: a double-blind, randomized, controlled trial | BMC Psychiatry",BMC Psychiatry
S022,2025,Helali et al.,Opioid Craving,clinical,adult,Rct,transcranial,810,4,NA,double-blind,sham-controlled,Anxiety,positive,70,"The effectiveness of Transcranial Photobiomodulation therapy (tPBM) on reducing anxiety, depression, and opioid craving in patients undergoing methadone maintenance treatment: a double-blind, randomized, controlled trial | BMC Psychiatry",BMC Psychiatry
S022,2025,Helali et al.,Opioid Craving,clinical,adult,Rct,transcranial,810,4,NA,double-blind,sham-controlled,Depression,positive,70,"The effectiveness of Transcranial Photobiomodulation therapy (tPBM) on reducing anxiety, depression, and opioid craving in patients undergoing methadone maintenance treatment: a double-blind, randomized, controlled trial | BMC Psychiatry",BMC Psychiatry
S048,2025,Helali et al.,Opioid Use Disorder,clinical,adult,Rct,transcranial,810,4,1,double-blind,sham-controlled,Addiction/Cravings,positive,70,"The effectiveness of Transcranial Photobiomodulation therapy (tPBM) on reducing anxiety, depression, and opioid craving in patients undergoing methadone maintenance treatment: a double-blind, randomized, controlled trial | BMC Psychiatry",Springer Nature
S048,2025,Helali et al.,Opioid Use Disorder,clinical,adult,Rct,transcranial,810,4,1,double-blind,sham-controlled,Anxiety,positive,70,"The effectiveness of Transcranial Photobiomodulation therapy (tPBM) on reducing anxiety, depression, and opioid craving in patients undergoing methadone maintenance treatment: a double-blind, randomized, controlled trial | BMC Psychiatry",Springer Nature
S048,2025,Helali et al.,Opioid Use Disorder,clinical,adult,Rct,transcranial,810,4,1,double-blind,sham-controlled,Depression,positive,70,"The effectiveness of Transcranial Photobiomodulation therapy (tPBM) on reducing anxiety, depression, and opioid craving in patients undergoing methadone maintenance treatment: a double-blind, randomized, controlled trial | BMC Psychiatry",Springer Nature
S016,2025,Huang et al.,Major Depressive Disorder,clinical,adult,Rct,transcranial,630,30,36,single-blind,sham-controlled,Anxiety,positive,82,Red-light photobiomodulation improves cognition and neuropsychiatric symptoms in post-stroke cognitive impairment: a randomized trial,Frontiers
S016,2025,Huang et al.,Major Depressive Disorder,clinical,adult,Rct,transcranial,630,30,36,single-blind,sham-controlled,Cognitive Function,positive,82,Red-light photobiomodulation improves cognition and neuropsychiatric symptoms in post-stroke cognitive impairment: a randomized trial,Frontiers
S016,2025,Huang et al.,Major Depressive Disorder,clinical,adult,Rct,transcranial,630,30,36,single-blind,sham-controlled,Depression,positive,82,Red-light photobiomodulation improves cognition and neuropsychiatric symptoms in post-stroke cognitive impairment: a randomized trial,Frontiers
S027,2025,Jamail & Fuller,Anxiety Disorder,clinical,adult,Case Series,transcranial,1070,15,80,no blinding,no control group,Anxiety,mixed,3,"Transcranial photobiomodulation as an adjunctive therapy for persistent anxiety and depression in patients undergoing psychotherapy, EMDR, and/or SSRI treatment: A case series",ScienceDirect
S027,2025,Jamail & Fuller,Anxiety Disorder,clinical,adult,Case Series,transcranial,1070,15,80,no blinding,no control group,Depression,mixed,3,"Transcranial photobiomodulation as an adjunctive therapy for persistent anxiety and depression in patients undergoing psychotherapy, EMDR, and/or SSRI treatment: A case series",ScienceDirect
S027,2025,Jamail & Fuller,Anxiety Disorder,clinical,adult,Case Series,transcranial,1070,15,80,no blinding,no control group,Sleep,mixed,3,"Transcranial photobiomodulation as an adjunctive therapy for persistent anxiety and depression in patients undergoing psychotherapy, EMDR, and/or SSRI treatment: A case series",ScienceDirect
S027,2025,Jamail & Fuller,Major Depressive Disorder,clinical,adult,Case Series,transcranial,1070,15,80,no blinding,no control group,Anxiety,mixed,3,"Transcranial photobiomodulation as an adjunctive therapy for persistent anxiety and depression in patients undergoing psychotherapy, EMDR, and/or SSRI treatment: A case series",ScienceDirect
S027,2025,Jamail & Fuller,Major Depressive Disorder,clinical,adult,Case Series,transcranial,1070,15,80,no blinding,no control group,Depression,mixed,3,"Transcranial photobiomodulation as an adjunctive therapy for persistent anxiety and depression in patients undergoing psychotherapy, EMDR, and/or SSRI treatment: A case series",ScienceDirect
S027,2025,Jamail & Fuller,Major Depressive Disorder,clinical,adult,Case Series,transcranial,1070,15,80,no blinding,no control group,Sleep,mixed,3,"Transcranial photobiomodulation as an adjunctive therapy for persistent anxiety and depression in patients undergoing psychotherapy, EMDR, and/or SSRI treatment: A case series",ScienceDirect
S039,2025,Jarrahi et al.,Dementia,clinical,geriatric,Rct,transcranial,NA,NA,NA,double-blind,placebo-controlled,Anxiety,negative,30,The Efficacy of Photobiomodulation Therapy in Improving Cognitive Function and Reducing Depression and Anxiety in Patients with Mild-to-Moderate Dementia: A Double-Blinded Randomized Clinical Trial,PubMed
S039,2025,Jarrahi et al.,Dementia,clinical,geriatric,Rct,transcranial,NA,NA,NA,double-blind,placebo-controlled,Cognitive Function,negative,30,The Efficacy of Photobiomodulation Therapy in Improving Cognitive Function and Reducing Depression and Anxiety in Patients with Mild-to-Moderate Dementia: A Double-Blinded Randomized Clinical Trial,PubMed
S039,2025,Jarrahi et al.,Dementia,clinical,geriatric,Rct,transcranial,NA,NA,NA,double-blind,placebo-controlled,Depression,negative,30,The Efficacy of Photobiomodulation Therapy in Improving Cognitive Function and Reducing Depression and Anxiety in Patients with Mild-to-Moderate Dementia: A Double-Blinded Randomized Clinical Trial,PubMed
S034,2025,Lai et al.,ADHD,clinical,adult,Open-Label Pilot,transcranial,1064,12,7,not reported,no control group,Attention,positive,48,Repetitive Transcranial Photobiomodulation Improves Working Memory and Attention in Adults with ADHD: A 4-Week Follow-Up Study,Sage Journals
S034,2025,Lai et al.,ADHD,clinical,adult,Open-Label Pilot,transcranial,1064,12,7,not reported,no control group,Memory,positive,48,Repetitive Transcranial Photobiomodulation Improves Working Memory and Attention in Adults with ADHD: A 4-Week Follow-Up Study,Sage Journals
S100,2025,Lim et al.,Cognitive Dysfunction,clinical,adult,Rct,transcranial,810,20,48,double-blind,sham-controlled,Cognitive Function,mixed,43,Photobiomodulation for cognitive dysfunction (Brain Fog) in post-COVID-19 condition: a randomized double-blind sham-controlled pilot trial,Lancet
S014,2025,Lok Lee et al.,Brain Injury,clinical,adult,Rct,transcranial,810,12,18,single-blind,sham-controlled,Cognitive Function,positive,17,"Transcranial Photobiomodulation Improves Cognitive Function, Post-Concussion, and PTSD Symptoms in Mild Traumatic Brain Injury",Sage Journals
S014,2025,Lok Lee et al.,Brain Injury,clinical,adult,Rct,transcranial,810,12,18,single-blind,sham-controlled,PTSD Symptoms,positive,17,"Transcranial Photobiomodulation Improves Cognitive Function, Post-Concussion, and PTSD Symptoms in Mild Traumatic Brain Injury",Sage Journals
S015,2025,Mehdizadeh et al.,Insomnia,clinical,adult,Rct,transcranial,810,10,3,double-blind,sham-controlled,Sleep,positive,30,"Transcranial photobiomodulation improves sleep quality, reduces daytime sleepiness, and modulates delta power in chronic insomnia: a randomized controlled trial | Lasers in Medical Science | Springer Nature Link",Springer
S030,2025,Rashidi-Ranjbar et al.,Mild Cognitive Impairment,aging,geriatric,Rct,transcranial,NA,NA,42,double-blind,sham-controlled,Cognitive Function,positive,15,350. Efficacy and Mechanism of Action of Transcranial Photobiomodulation (tPBM) in Mild Cognitive Impairment,ScienceDirect
S046,2025,Saltmarche et al.,Parkinson's,clinical,geriatric,Rct,transcranial,NA,24,48,double-blind,placebo-controlled,Motor Skills,positive,63,Effectiveness of Photobiomodulation to Treat Motor and Non-Motor Symptoms of Parkinson’s Disease: A Randomised Clinical Trial with Extended Treatment,MDPI
S084,2025,Spera et al.,Alzheimer's,clinical,geriatric,Pilot Rct,transcranial,830,NA,3,single-blind,sham-controlled,Brain Oscillations,mixed,10,Pilot Study on Dose-Dependent Effects of Transcranial Photobiomodulation on Brain Electrical Oscillations: A Potential Therapeutic Target in Alzheimer's Disease,Pubmed
S084,2025,Spera et al.,Alzheimer's,clinical,geriatric,Pilot Rct,transcranial,830,NA,3,single-blind,sham-controlled,Cognitive Function,mixed,10,Pilot Study on Dose-Dependent Effects of Transcranial Photobiomodulation on Brain Electrical Oscillations: A Potential Therapeutic Target in Alzheimer's Disease,Pubmed
S025,2025,Tate et al.,Chronic Pain,clinical,adult,Open-Label Pilot,transcranial,810,20,32,no blinding,no control group,Cognitive Function,positive,16,"Transcranial Photobiomodulation and Firefighter Health and Wellness: A Single-Arm, Open-Label Pilot Study",Sage Journals
S025,2025,Tate et al.,Chronic Pain,clinical,adult,Open-Label Pilot,transcranial,810,20,32,no blinding,no control group,Mood,positive,16,"Transcranial Photobiomodulation and Firefighter Health and Wellness: A Single-Arm, Open-Label Pilot Study",Sage Journals
S025,2025,Tate et al.,Chronic Pain,clinical,adult,Open-Label Pilot,transcranial,810,20,32,no blinding,no control group,Sleep,positive,16,"Transcranial Photobiomodulation and Firefighter Health and Wellness: A Single-Arm, Open-Label Pilot Study",Sage Journals
S025,2025,Tate et al.,Insomnia,clinical,adult,Open-Label Pilot,transcranial,810,20,32,no blinding,no control group,Cognitive Function,positive,16,"Transcranial Photobiomodulation and Firefighter Health and Wellness: A Single-Arm, Open-Label Pilot Study",Sage Journals
S025,2025,Tate et al.,Insomnia,clinical,adult,Open-Label Pilot,transcranial,810,20,32,no blinding,no control group,Mood,positive,16,"Transcranial Photobiomodulation and Firefighter Health and Wellness: A Single-Arm, Open-Label Pilot Study",Sage Journals
S025,2025,Tate et al.,Insomnia,clinical,adult,Open-Label Pilot,transcranial,810,20,32,no blinding,no control group,Sleep,positive,16,"Transcranial Photobiomodulation and Firefighter Health and Wellness: A Single-Arm, Open-Label Pilot Study",Sage Journals
S025,2025,Tate et al.,PTSD,clinical,adult,Open-Label Pilot,transcranial,810,20,32,no blinding,no control group,Cognitive Function,positive,16,"Transcranial Photobiomodulation and Firefighter Health and Wellness: A Single-Arm, Open-Label Pilot Study",Sage Journals
S025,2025,Tate et al.,PTSD,clinical,adult,Open-Label Pilot,transcranial,810,20,32,no blinding,no control group,Mood,positive,16,"Transcranial Photobiomodulation and Firefighter Health and Wellness: A Single-Arm, Open-Label Pilot Study",Sage Journals
S025,2025,Tate et al.,PTSD,clinical,adult,Open-Label Pilot,transcranial,810,20,32,no blinding,no control group,Sleep,positive,16,"Transcranial Photobiomodulation and Firefighter Health and Wellness: A Single-Arm, Open-Label Pilot Study",Sage Journals
S029,2025,Yang et al.,Natural Aging,aging,geriatric,Rct,transcranial,1064,12,1,single-blind,sham-controlled,Memory,positive,55,Transcranial photobiomodulation improves functional brain networks and working memory in healthy older adults: An fNIRS study,ScienceDirect
S026,2026,Diaz et al.,Autism Spectrum Disorder,clinical,pediatric,Open-Label Pilot,transcranial,1064,10,56,no blinding,no control group,Autism Symptoms,positive,8,Transcranial Photobiomodulation for autism spectrum disorder: Prospective open-label case series across age groups,ScienceDirect
S026,2026,Diaz et al.,Autism Spectrum Disorder,clinical,pediatric,Open-Label Pilot,transcranial,1064,10,56,no blinding,no control group,Cognitive Function,positive,8,Transcranial Photobiomodulation for autism spectrum disorder: Prospective open-label case series across age groups,ScienceDirect
S026,2026,Diaz et al.,Autism Spectrum Disorder,clinical,pediatric,Open-Label Pilot,transcranial,1064,10,56,no blinding,no control group,Mood,positive,8,Transcranial Photobiomodulation for autism spectrum disorder: Prospective open-label case series across age groups,ScienceDirect
S026,2026,Diaz et al.,Autism Spectrum Disorder,clinical,pediatric,Open-Label Pilot,transcranial,1064,10,56,no blinding,no control group,Sleep,positive,8,Transcranial Photobiomodulation for autism spectrum disorder: Prospective open-label case series across age groups,ScienceDirect
